#,Name,Niche,Handle,Direct Profile Link,Followers,Why Fit,Risk/Flag,Status
1,سهل مهدي / Sahel Mahdi,E-commerce,@sahelmahdi,https://www.tiktok.com/@sahelmahdi,"~277.7K (TikTok, per search-engine summary — not independently re-confirmed, site unreachable this session)","Directly teaches e-commerce/dropshipping/Instagram-commerce as core content and monetizes via his own academy — largest, best cross-corroborated candidate found this round",Nationality asserted across multiple secondary sources/snippets but no single authoritative bio page was directly loadable to confirm,Verify nationality and follower counts directly on-platform before outreach
2,د. عبدالكريم عنف / Dr. Abdulkarim Anaf,E-commerce,@anafabdulkareem,https://www.tiktok.com/@anafabdulkareem,n/a,Content directly and explicitly targets Saudi Amazon FBA sellers — squarely matches the Amazon/Noon-selling niche,"Nationality NOT confirmed Saudi — his entire career/education footprint is China-based, serving Arab entrepreneurs broadly; no source confirms Saudi nationality specifically",Nationality uncertain — high priority to verify before outreach
3,LLC4ARAB,E-commerce,@llc4arab,https://www.tiktok.com/@llc4arab,TikTok ~25.7K (58K likes),"Core audience is Gulf/Saudi e-commerce sellers; content is educational (company setup, e-commerce compliance)","This is a brand/company account, not a clearly identified individual creator — no founder name surfaced; Facebook listing shows a Delaware, US business address (likely a registered-agent address, not personal residency)",Brand/company account — founder identity unconfirmed
4,@ifast.sa,E-commerce,@ifast.sa,https://www.tiktok.com/@ifast.sa,n/a,"Content and hashtags (#تجارة_إلكترونية_للمبتدئين #متاجر_الكترونية) are squarely in scope; the "".sa"" handle plus content framing suggest a Saudi-market-focused account",Real name/identity of the creator unverified — may be a small agency/brand account rather than a named individual,"Identity unconfirmed — bare handle, verified only via search snippet"
5,فهيد الفهيد / Fahad Al-Fahad,E-commerce,@fh_afiliate0,https://www.tiktok.com/@fh_afiliate0,Reported 1.7M+ combined across platforms (per search summary — not independently verified per-platform),"Active TikTok content specifically on affiliate marketing, TikTok ad campaigns for e-commerce, and merchant coaching","Follower/merchant-count figures come from a secondary summary, not a primary bio directly viewed — treat numbers as approximate pending verification",Verify follower counts directly on-platform
6,بزنس فاطمة / Fatemah Business,E-commerce,@fatemahbusiness,https://www.tiktok.com/@fatemahbusiness,n/a,"Active, cross-platform (TikTok/Instagram/Snapchat) e-commerce education account with consistent Arabic content","Own bio describes ""a complete team,"" suggesting this is a small agency/brand account rather than one named individual; nationality not explicitly confirmed as Saudi","Team/brand account, not a confirmed individual; nationality unconfirmed"
7,"أبو إبراهيم / Abu Ibrahim (""Wolfe Wave"")",Trading,@wolfe_wave,https://www.tiktok.com/@wolfe_wave,n/a,Confirmed live TikTok account (indexed video URL); bio self-identifies as covering Saudi stocks; independently cited by a third-party X user as worth following for Saudi stock analysis,"Possible — free live technical-analysis content with no disclosed license, consistent with the CMA's standing warnings about unlicensed social-media financial content, though no explicit paid-signal evidence found","Real name not found; only ""Abu Ibrahim"" alias"
8,د. عبدالله المزراقي / Dr. Abdullah Al-Mezraqi,Trading,@dr.mezraqi,https://www.tiktok.com/@dr.mezraqi,n/a,"Active, dedicated TikTok account with a distinct content brand around Saudi TASI stock analysis and American-market options, using Saudi-specific hashtags/flag emoji","One source indicates content is framed as analysis ""without buy/sell recommendations,"" which is lower-risk than signal-selling, but this self-description is unverified",
9,USA Stock Hunter (صائد الأسهم الأمريكية),Trading,@usastockhunter,https://www.tiktok.com/@usastockhunter,"~20K (TikTok, ~103.5K likes, per search results — not independently confirmed on-profile)","Genuine, multi-platform, actively producing American-stock trading education content with a clear brand and following","HIGH — explicitly offers stock recommendations (""توصيات""), indicators, and a Telegram ""alerts"" channel alongside paid courses; free-alerts-funnel + paid-academy + recommendations is a textbook signal-selling pattern",Nationality unconfirmed — no Saudi-specific content signal found despite multi-platform presence
10,محمد الحديثي / Mohammed Al-Hudaithi,Trading,@mhmh1199,https://www.tiktok.com/@mhmh1199,~142.7K (336.9K likes),"Sizable, active TikTok account with content specifically on Saudi investment funds and zakat compliance — a distinct sub-niche (Islamic-finance-compliant investing) not covered by earlier candidates","No explicit nationality statement found; ""Al-Hudaithi"" is a tribal surname found among both Saudi/Najdi and Iraqi families — flagging as inferred, not confirmed","Nationality inferred from name, not confirmed"
11,زيد الدوسري / Zaid Al-Dosari (Z Brand / زي براند),E-commerce,@zbrandsa,https://www.tiktok.com/@zbrandsa,~29.6K (per indexed search snippet — not independently re-confirmed),"Featured as an official Zid merchant success story; grew from ~100K SAR seed capital to a reported ~13M SAR revenue with 6+ physical branches (Riyadh/Jeddah/Dammam/Khobar/Tabuk/Abha) — corroborated across 3 independent sources (Zid blog, X, YouTube)","This is a brand/store account, not a personal how-to education channel — confirm whether store-owner case studies fit the outreach goal vs. pure educator accounts","Brand-account caveat; Saudi nationality strongly implied (Zid is Saudi-only, branches across KSA cities) but not from a primary-ID source"
12,the_etchh (name on account unconfirmed — possibly Abdallah Hesham),E-commerce,@the_etchh,https://www.tiktok.com/@the_etchh,n/a,"Content niche is a direct match (TikTok Shop + dropshipping education), account confirmed active via a live video permalink","Video title's Egyptian colloquial phrasing (""ازاي افتح حساب... وانا مقيم خارج امريكا"") is a strong signal pointing to an Egyptian creator rather than Saudi","Nationality unconfirmed — likely Egyptian, not Saudi; verify before outreach"
13,وليد صويتي / Walid Swaiti,E-commerce,@walid_swaiti,https://www.tiktok.com/@walid_swaiti,n/a,"Direct niche match (Noon selling + affiliate/e-commerce marketing), multiple confirmed active video permalinks","Targets both Saudi and UAE audiences simultaneously; surname ""Swaiti"" is a common Levantine/Jordanian surname — cannot rule out non-Saudi origin","Nationality unconfirmed — surname suggests possible Levantine/Jordanian origin, not Saudi; verify before outreach"
14,منصة المضارب الذكية 1M / cci_555,Trading,@cci_555,https://www.tiktok.com/@cci_555,n/a,"Directly on-niche, Saudi-market-specific hashtags (#تداول_الاسهم_السعودية #منصة_المضارب_الذكية_1m #توصيات), active multi-video TikTok presence","HIGH — appears to be a paid stock-recommendation subscription service; textbook unlicensed-advice pattern the Saudi CMA has prosecuted; reads as a brand/team account, not one identifiable individual","Brand account, not individual — unlicensed-signals risk"
15,منصة العز للأسهم / ezshares,Trading,@ezshares,https://www.tiktok.com/@ezshares,n/a,"TASI/Saudi-stock hashtags directly, TikTok presence with multiple confirmed posts",Funnels viewers to an unverified off-platform Telegram group; a secondary source's attribution of a specific personal name to this account could not be substantiated and is explicitly not included,Individual identity unconfirmed — do not treat secondary-source name attributions as verified
16,الاسهم السعودية 🇸🇦🇺🇸 / ashomksa,Trading,@ashomksa,https://www.tiktok.com/@ashomksa,n/a,"Explicit Saudi-flag branding, dedicated Saudi-stock-recommendations content",MEDIUM-HIGH — a dedicated recommendations playlist is a direct unlicensed-tipping red flag; an unverified Facebook complaint against the account surfaced but its specifics could not be confirmed; account also posts unrelated non-finance content (mixed-content account),"Unverified FB complaint against account + mixed-content, not pure finance niche"
17,ahmedalbadry06,Trading,@ahmedalbadry06,https://www.tiktok.com/@ahmedalbadry06,n/a,"Direct forex/gold trading content, confirmed active TikTok video","Only one video surfaced, insufficient to assess signal-selling risk",Saudi nationality unconfirmed — possible non-Saudi (Egyptian/Levantine surname pattern); weak evidence overall
18,forex.knowledge.1,Trading,@forex.knowledge.1,https://www.tiktok.com/@forex.knowledge.1,n/a,"Forex trading niche, confirmed active TikTok presence","MEDIUM — a ""free trading bot"" giveaway is a common lure pattern in forex-scam content; treat with caution","Saudi nationality unconfirmed — generic pan-Arab forex account, weakest candidate of the batch"
